{
    "IsEncrypted": false,
    "Values": {
      "AzureWebJobsStorage": "UseDevelopmentStorage=true",
      "FUNCTIONS_WORKER_RUNTIME": "dotnet",
      "TENANT_ID": "4cbab188-7fc4-443c-8f70-4c80ce74fec0",
      "CLIENT_ID": "16a7b85c-3a0f-4284-a77a-142b982564fb",
      "CLIENT_SECRET": "NCr8Q~Dk9WTorYAoRKk~vfDFJeEm6xLQbyZ.BcO4",
      "TEAMS_WEBHOOK_URL": "https://santanderapi.webhook.office.com/webhookb2/b4c8337a-34ed-4fea-aebd-23e7dd0a8d50@4cbab188-7fc4-443c-8f70-4c80ce74fec0/IncomingWebhook/afd0380f1f5e4b4a9fb5507e0cc4cd4d/a345ac57-250d-4c0a-b90c-50b470726cb1/V2OWpnhCDEM_7Kat7yOGtkkYiahwB2FrueTBi3ltKaO5w1"
    }
  }
  